{
    "title": "Work flow List",
    "success": true,
    "code": 10,
    "data": {
      "count": 10,
      "WorkFlow": [
        {
          "id": 42,
          "title": "test-1",
          "description": "test-1"
        },
        {
          "id": 43,
          "title": "qwqw",
          "description": "wewe"
        },
        {
          "id": 44,
          "title": "qww",
          "description": "qwwq"
        },
        {
          "id": 45,
          "title": "test",
          "description": "teet"
        },
        {
          "id": 46,
          "title": "test22",
          "description": "232"
        },
        {
          "id": 47,
          "title": "terret",
          "description": "erter"
        },
        {
          "id": 48,
          "title": "tet",
          "description": "etet"
        },
        {
          "id": 49,
          "title": "qwqq",
          "description": "qwqq"
        },
        {
          "id": 50,
          "title": "asasa",
          "description": "asasas"
        },
        {
          "id": 51,
          "title": "assas",
          "description": "asasa"
        }
      ]
    }
  }